STATION,NAME,LATITUDE,LONGITUDE,ELEVATION,DATE,AWND,AWND_ATTRIBUTES,CDSD,CDSD_ATTRIBUTES,CLDD,CLDD_ATTRIBUTES,DP01,DP01_ATTRIBUTES,DP10,DP10_ATTRIBUTES,DSND,DSND_ATTRIBUTES,DSNW,DSNW_ATTRIBUTES,DT00,DT00_ATTRIBUTES,DT32,DT32_ATTRIBUTES,DX32,DX32_ATTRIBUTES,DX70,DX70_ATTRIBUTES,DX90,DX90_ATTRIBUTES,EMNT,EMNT_ATTRIBUTES,EMSD,EMSD_ATTRIBUTES,EMSN,EMSN_ATTRIBUTES,EMXP,EMXP_ATTRIBUTES,EMXT,EMXT_ATTRIBUTES,HDSD,HDSD_ATTRIBUTES,HTDD,HTDD_ATTRIBUTES,PRCP,PRCP_ATTRIBUTES,SNOW,SNOW_ATTRIBUTES,TAVG,TAVG_ATTRIBUTES,TMAX,TMAX_ATTRIBUTES,TMIN,TMIN_ATTRIBUTES,WDF2,WDF2_ATTRIBUTES,WDF5,WDF5_ATTRIBUTES,WSF2,WSF2_ATTRIBUTES,WSF5,WSF5_ATTRIBUTES
USW00013743,"WASHINGTON REAGAN NATIONAL AIRPORT, VA US",38.8472,-77.03454,3,2010-01,10.1,",W",0,0,0,",0",8,",0",4,",0",2,",0",2,",0",0,",0",23,",0",6,",0",0,",0",0,",0",16,",0,31,+",6,",,0,31,",6.4,",,0,30,",0.68,",,0,17,",68,",0,25,",2372,0,922,",0",1.56,",,,0",7.4,",,,0",35.3,",0",42.5,",,,0",27.9,",,,0",280,",X",280,",X",35.1,",X",46,",X"
USW00013743,"WASHINGTON REAGAN NATIONAL AIRPORT, VA US",38.8472,-77.03454,3,2010-02,10.1,",W",0,0,0,",0",10,",0",6,",0",21,",0",6,",0",0,",0",21,",0",3,",0",0,",0",0,",0",16,",0,07,",21,",,0,11,",9.1,",,0,06,",0.77,",,0,05,",50,",0,21,",3234,0,862,",0",2.73,",,,0",32.1,",,,0",34.2,",0",40.1,",,,0",28.3,",,,0",280,",X",280,",X",36,",X",52,",X"
USW00013743,"WASHINGTON REAGAN NATIONAL AIRPORT, VA US",38.8472,-77.03454,3,2010-03,9.8,",W",0,0,0,",0",12,",0",7,",0",0,",0",0,",0",0,",0",0,",0",0,",0",6,",0",0,",0",33,",0,27,+",0,",,0,31,+",0,",T,0,02,",0.8,",,0,28,",76,",0,21,",3662,0,428,",0",3.55,",,,0",0,",T,,0",51.2,",0",59.8,",,,0",42.5,",,,0",340,",X",230,",X",36.9,",X",52,",X"
USW00013743,"WASHINGTON REAGAN NATIONAL AIRPORT, VA US",38.8472,-77.03454,3,2010-04,8.3,",W",38,0,38,",0",7,",0",5,",0",0,",0",0,",0",0,",0",0,",0",0,",0",17,",0",2,",0",41,",0,18,",0,",,0,30,+",0,",,0,30,+",0.62,",,0,08,",90,",0,07,+",3825,0,163,",0",1.5,",,,0",0,",,,0",60.8,",0",71.7,",,,0",50,",,,0",250,",X",250,",X",44.1,",X",59,",X"
USW00013743,"WASHINGTON REAGAN NATIONAL AIRPORT, VA US",38.8472,-77.03454,3,2010-05,8.5,",W",234,0,195,",0",9,",0",8,",0",0,",0",0,",0",0,",0",0,",0",0,",0",24,",0",3,",0",43,",0,10,",0,",,0,31,+",0,",T,0,14,",0.64,",,0,23,",93,",0,27,",3886,0,61,",0",2.4,",,,0",0,",T,,0",69.3,",0",78.3,",,,0",60.3,",,,0",270,",X",300,"1,X",32,",X",47,"1,X"
USW00013743,"WASHINGTON REAGAN NATIONAL AIRPORT, VA US",38.8472,-77.03454,3,2010-06,8.3,",W",700,0,467,",0",10,",0",4,",0",0,",0",0,",0",0,",0",0,",0",0,",0",30,",0",18,",0",60,",0,08,",0,",,0,30,+",0,",,0,30,+",0.79,",,0,28,",100,",0,24,",3886,0,0,",0",1.88,",,,0",0,",,,0",80.6,",0",89.8,",,,0",71.3,",,,0",260,",X",260,",X",38.9,",X",55,",X"
USW00013743,"WASHINGTON REAGAN NATIONAL AIRPORT, VA US",38.8472,-77.03454,3,2010-07,7.2,",W",1260,0,560,",0",9,",0",6,",0",0,",0",0,",0",0,",0",0,",0",0,",0",31,",0",21,",0",63,",0,03,+",0,",,0,31,+",0,",,0,31,+",1.86,",,0,13,",102,",0,07,+",0,0,0,",0",5.17,",,,0",0,",,,0",83.1,",0",92.3,",,,0",73.9,",,,0",330,",X",340,",X",42.9,",X",53,",X"
USW00013743,"WASHINGTON REAGAN NATIONAL AIRPORT, VA US",38.8472,-77.03454,3,2010-08,6.9,",W",1730,0,469,",0",8,",0",6,",0",0,",0",0,",0",0,",0",0,",0",0,",0",31,",0",13,",0",66,",0,27,+",0,",,0,31,+",0,",,0,31,+",0.98,",,0,12,",98,",0,10,",0,0,0,",0",2.59,",,,0",0,",,,0",80.1,",0",88.4,",,,0",71.9,",,,0",270,",X",270,",X",40,",X",59,",X"
USW00013743,"WASHINGTON REAGAN NATIONAL AIRPORT, VA US",38.8472,-77.03454,3,2010-09,8.3,",W",2044,0,314,",0",7,",0",5,",0",0,",0",0,",0",0,",0",0,",0",0,",0",29,",0",10,",0",56,",0,21,",0,",,0,30,+",0,",,0,30,+",4.66,",,0,30,",99,",0,24,",0,0,0,",0",6.02,",,,0",0,",,,0",75.5,",0",85.4,",,,0",65.6,",,,0",160,",X",170,",X",32,",X",40,",X"
USW00013743,"WASHINGTON REAGAN NATIONAL AIRPORT, VA US",38.8472,-77.03454,3,2010-10,8.7,",W",2084,0,39,",0",8,",0",4,",0",0,",0",0,",0",0,",0",0,",0",0,",0",17,",0",0,",0",40,",0,30,",0,",,0,31,+",0,",,0,31,+",1.27,",,0,27,",88,",0,11,",148,0,148,",0",3.41,",,,0",0,",,,0",61.5,",0",70.2,",,,0",52.8,",,,0",330,",X",330,",X",29.1,",X",37,",X"
USW00013743,"WASHINGTON REAGAN NATIONAL AIRPORT, VA US",38.8472,-77.03454,3,2010-11,7.4,",W",2084,0,0,",0",8,",0",5,",0",0,",0",0,",0",0,",0",1,",0",0,",0",0,",0",0,",0",32,",0,29,",0,",,0,30,+",0,",T,0,25,",1.31,",,0,04,",69,",0,23,",584,0,436,",0",2.22,",,,0",0,",T,,0",50.4,",0",59.2,",,,0",41.7,",,,0",230,",X",240,",X",36.9,",X",54,",X"
USW00013743,"WASHINGTON REAGAN NATIONAL AIRPORT, VA US",38.8472,-77.03454,3,2010-12,10.7,",W",2084,0,0,",0",5,",0",3,",0",1,",0",1,",0",0,",0",27,",0",2,",0",0,",0",0,",0",21,",0,16,+",2,",,0,16,",1.5,",,0,16,",0.78,",,0,01,",65,",0,01,",1526,0,942,",0",1.78,",,,0",2.1,",,,0",34.6,",0",40.7,",,,0",28.5,",,,0",320,",X",340,",X",36.9,",X",55,",X"
USW00013743,"WASHINGTON REAGAN NATIONAL AIRPORT, VA US",38.8472,-77.03454,3,2011-01,8.5,",W",0,X,0,",X",10,",X",4,",X",6,",X",2,",X",0,",X",26,",X",3,",X",0,",X",0,",X",17,",X,24,+",4,",,X,29,+",5,",,X,26,",1.52,",,X,26,",59,",X,02,",2498,X,972,",X",2.25,",,,X",7.3,",,,X",33.7,",X",39.7,",,,X",27.6,",,,X",280,",X",20,",X",29.1,",X",41,",X"
USW00013743,"WASHINGTON REAGAN NATIONAL AIRPORT, VA US",38.8472,-77.03454,3,2011-02,9.4,",W",0,X,0,",X",10,",X",6,",X",3,",X",0,",X",0,",X",16,",X",0,",X",4,",X",0,",X",19,",X,09,",2,",,X,01,",0.2,",,X,22,+",0.66,",,X,28,+",77,",X,18,",3149,X,652,",X",2.13,",,,X",0.5,",,,X",41.7,",X",51.2,",,,X",32.2,",,,X",300,",X",300,",X",40.9,",X",58,",X"
USW00013743,"WASHINGTON REAGAN NATIONAL AIRPORT, VA US",38.8472,-77.03454,3,2011-03,9.6,",W",0,X,0,",X",13,",X",7,",X",0,",X",0,",X",0,",X",7,",X",0,",X",2,",X",0,",X",27,",X,03,",0,",T,X,27,",0.2,",,X,27,",1.41,",,X,10,",80,",X,18,",3750,X,600,",X",4.39,",,,X",0.2,",,,X",45.6,",X",54,",,,X",37.2,",,,X",330,",X",320,",X",31.1,",X",43,",X"
USW00013743,"WASHINGTON REAGAN NATIONAL AIRPORT, VA US",38.8472,-77.03454,3,2011-04,10.3,",W",43,X,43,",X",14,",X",7,",X",0,",X",0,",X",0,",X",0,",X",0,",X",14,",X",0,",X",36,",X,06,+",0,",,X,30,+",0,",T,X,24,+",0.74,",,X,24,",86,",X,20,",3979,X,230,",X",3.2,",,,X",0,",T,,X",58.8,",X",68.6,",,,X",49,",,,X",140,",X",140,",X",44.1,",X",58,",X"
USW00013743,"WASHINGTON REAGAN NATIONAL AIRPORT, VA US",38.8472,-77.03454,3,2011-05,7.6,",W",195,X,153,",X",11,",X",5,",X",0,",X",0,",X",0,",X",0,",X",0,",X",26,",X",3,",X",46,",X,06,+",0,",,X,31,+",0,",,X,31,+",0.56,",,X,04,",98,",X,31,",4029,X,50,",X",1.7,",,,X",0,",,,X",68.3,",X",77.3,",,,X",59.3,",,,X",250,",X",260,",X",36,",X",45,",X"
USW00013743,"WASHINGTON REAGAN NATIONAL AIRPORT, VA US",38.8472,-77.03454,3,2011-06,7.6,",W",608,X,412,",X",10,",X",4,",X",0,",X",0,",X",0,",X",0,",X",0,",X",30,",X",10,",X",59,",X,15,",0,",,X,30,+",0,",T,X,01,",0.83,",,X,16,",102,",X,09,",4029,X,0,",X",1.69,",,,X",0,",T,,X",78.7,",X",87.9,",,,X",69.6,",,,X",190,",X",200,",X",33.1,",X",52,",X"
USW00013743,"WASHINGTON REAGAN NATIONAL AIRPORT, VA US",38.8472,-77.03454,3,2011-07,7.2,",W",1212,X,604,",X",6,",X",5,",X",0,",X",0,",X",0,",X",0,",X",0,",X",31,",X",25,",X",67,",X,16,",0,",,X,31,+",0,",,X,31,+",1.05,",,X,13,",104,",X,29,",0,X,0,",X",3.03,",,,X",0,",,,X",84.5,",X",93.6,",,,X",75.4,",,,X",340,",X",330,",X",40,",X",52,",X"
USW00013743,"WASHINGTON REAGAN NATIONAL AIRPORT, VA US",38.8472,-77.03454,3,2011-08,8.3,",W",1674,X,463,",X",12,",X",9,",X",0,",X",0,",X",0,",X",0,",X",0,",X",31,",X",12,",X",63,",X,30,+",0,",,X,31,+",0,",,X,31,+",3.33,",,X,27,",100,",X,01,",0,X,0,",X",8.93,",,,X",0,",,,X",79.9,",X",88.6,",,,X",71.3,",,,X",340,",X",340,",X",47,",X",60,",X"
USW00013743,"WASHINGTON REAGAN NATIONAL AIRPORT, VA US",38.8472,-77.03454,3,2011-09,6.3,",W",1878,X,204,",X",14,",X",9,",X",0,",X",0,",X",0,",X",0,",X",0,",X",26,",X",0,",X",49,",X,16,",0,",,X,30,+",0,",,X,30,+",2.82,",,X,07,",87,",X,14,+",15,X,15,",X",8.84,",,,X",0,",,,X",71.3,",X",77.6,",,,X",64.9,",,,X",350,",X",350,"2,X",29.1,",X",36,"2,X"
USW00013743,"WASHINGTON REAGAN NATIONAL AIRPORT, VA US",38.8472,-77.03454,3,2011-10,7.4,",W",1891,X,13,",X",11,",X",9,",X",0,",X",0,",X",0,",X",0,",X",0,",X",13,",X",0,",X",34,",X,29,",0,",,X,31,+",0,",T,X,29,",1.18,",,X,29,",83,",X,10,",234,X,218,",X",3.92,",,,X",0,",T,,X",58.4,",X",66.5,",,,X",50.2,",,,X",340,",X",340,",X",31.1,",X",39,",X"
USW00013743,"WASHINGTON REAGAN NATIONAL AIRPORT, VA US",38.8472,-77.03454,3,2011-11,7.6,",W",1891,X,0,",X",8,",X",4,",X",0,",X",0,",X",0,",X",0,",X",0,",X",3,",X",0,",X",33,",X,12,",0,",,X,30,+",0,",,X,30,+",0.55,",,X,22,",73,",X,14,",610,X,377,",X",1.94,",,,X",0,",,,X",52.4,",X",61.5,",,,X",43.3,",,,X",350,",X",290,"1,X",29.1,",X",39,"1,X"
USW00013743,"WASHINGTON REAGAN NATIONAL AIRPORT, VA US",38.8472,-77.03454,3,2011-12,6.9,",W",1891,X,0,",X",7,",X",6,",X",0,",X",0,",X",0,",X",7,",X",0,",X",0,",X",0,",X",29,",X,19,+",0,",,X,31,+",0,",T,X,17,+",3.1,",,X,07,",63,",X,15,",1229,X,619,",X",4.9,",,,X",0,",T,,X",45,",X",52.7,",,,X",37.4,",,,X",310,",X",330,",X",31.1,",X",41,",X"
USW00013743,"WASHINGTON REAGAN NATIONAL AIRPORT, VA US",38.8472,-77.03454,3,2012-01,8.9,",W",0,X,0,",X",10,",X",6,",X",1,",X",0,",X",0,",X",16,",X",1,",X",0,",X",0,",X",17,",X,04,",1,",,X,21,",0.6,",,X,21,+",0.63,",,X,27,",68,",X,07,",1981,X,752,",X",2.2,",,,X",1.7,",,,X",40.7,",X",49.3,",,,X",32.2,",,,X",340,",X",320,",X",33.1,",X",40,",X"
USW00013743,"WASHINGTON REAGAN NATIONAL AIRPORT, VA US",38.8472,-77.03454,3,2012-02,8.5,",W",0,X,0,",X",10,",X",4,",X",0,",X",0,",X",0,",X",5,",X",0,",X",1,",X",0,",X",23,",X,12,+",0,",T,X,12,",0.2,",,X,11,",1.44,",,X,29,",72,",X,01,",2580,X,599,",X",2.33,",,,X",0.3,",,,X",44.3,",X",52.4,",,,X",36.3,",,,X",330,",X",340,"1,X",34.9,",X",49,"1,X"
USW00013743,"WASHINGTON REAGAN NATIONAL AIRPORT, VA US",38.8472,-77.03454,3,2012-03,8.9,",W",21,X,21,",X",11,",X",5,",X",0,",X",0,",X",0,",X",2,",X",0,",X",14,",X",0,",X",29,",X,06,",0,",,X,31,+",0,",T,X,05,",0.34,",,X,02,",83,",X,23,",2857,X,277,",X",1.03,",,,X",0,",T,,X",56.7,",X",66.3,",,,X",47.2,",,,X",340,",X",340,",X",33.1,",X",40,",X"
USW00013743,"WASHINGTON REAGAN NATIONAL AIRPORT, VA US",38.8472,-77.03454,3,2012-04,9.4,",W",47,X,26,",X",10,",X",4,",X",0,",X",0,",X",0,",X",0,",X",0,",X",12,",X",0,",X",40,",X,11,",0,",,X,30,+",0,",,X,30,+",1.27,",,X,22,",89,",X,16,",3085,X,227,",X",1.93,",,,X",0,",,,X",58.3,",X",68.1,",,,X",48.5,",,,X",270,",X",300,",X",32,",X",43,",X"
USW00013743,"WASHINGTON REAGAN NATIONAL AIRPORT, VA US",38.8472,-77.03454,3,2012-05,7.6,",W",249,X,202,",X",13,",X",7,",X",0,",X",0,",X",0,",X",0,",X",0,",X",31,",X",2,",X",52,",X,12,+",0,",,X,31,+",0,",,X,31,+",1.22,",,X,15,",91,",X,29,",3089,X,4,",X",3.29,",,,X",0,",,,X",71.4,",X",80.1,",,,X",62.7,",,,X",310,",X",310,",X",32,",X",40,",X"
USW00013743,"WASHINGTON REAGAN NATIONAL AIRPORT, VA US",38.8472,-77.03454,3,2012-06,8.1,",W",588,X,338,",X",5,",X",4,",X",0,",X",0,",X",0,",X",0,",X",0,",X",30,",X",11,",X",58,",X,07,+",0,",,W,30,+",0,",,X,30,+",1.22,",,X,01,",104,",X,29,",3090,X,0,",X",2.38,",,,X",0,",,,X",76.3,",X",85.9,",,,X",66.6,",,,X",300,",X",300,"1,X",49,",X",70,"1,X"
USW00013743,"WASHINGTON REAGAN NATIONAL AIRPORT, VA US",38.8472,-77.03454,3,2012-07,6.7,",W",1176,X,589,",X",12,",X",7,",X",0,",X",0,",X",0,",X",0,",X",0,",X",31,",X",22,",X",67,",X,21,",0,",,X,31,+",0,",,X,31,+",0.69,",,X,08,",105,",X,07,",0,X,0,",X",2.81,",,,X",0,",,,X",84,",X",93.1,",,,X",74.9,",,,X",340,",X",320,"1,X",34.9,",X",43,"1,X"
USW00013743,"WASHINGTON REAGAN NATIONAL AIRPORT, VA US",38.8472,-77.03454,3,2012-08,6.5,",X",1671,X,495,",X",13,",X",8,",X",0,",X",0,",X",0,",X",0,",X",0,",X",31,",X",15,",X",66,",X,21,",0,",,X,31,+",0,",,X,31,+",0.59,",,X,21,+",98,",X,05,",0,X,0,",X",2.78,",,,X",0,",,,X",81,",X",89.5,",,,X",72.4,",,,X",50,",X",50,",X",30,",X",37,",X"
USW00013743,"WASHINGTON REAGAN NATIONAL AIRPORT, VA US",38.8472,-77.03454,3,2012-09,7.6,",X",1894,X,222,",X",10,",X",7,",X",0,",X",0,",X",0,",X",0,",X",0,",X",30,",X",3,",X",53,",X,25,",0,",,X,30,+",0,",,X,30,+",1.64,",,X,01,",95,",X,01,",6,X,6,",X",4.29,",,,X",0,",,,X",72.2,",X",80.7,",,,X",63.7,",,,X",230,",X",210,",X",40.9,",X",61,",X"
USW00013743,"WASHINGTON REAGAN NATIONAL AIRPORT, VA US",38.8472,-77.03454,3,2012-10,7.8,",X",1936,X,42,",X",10,",X",6,",X",0,",X",0,",X",0,",X",0,",X",0,",X",17,",X",0,",X",41,",X,13,",0,",,X,31,+",0,",,X,31,+",3.85,",,X,29,",84,",X,24,",173,X,167,",X",5.82,",,,X",0,",,,X",61,",X",68.9,",,,X",53,",,,X",310,",X",310,",X",40.9,",X",61,",X"
USW00013743,"WASHINGTON REAGAN NATIONAL AIRPORT, VA US",38.8472,-77.03454,3,2012-11,7.8,",X",1936,X,0,",X",5,",X",1,",X",0,",X",0,",X",0,",X",2,",X",0,",X",2,",X",0,",X",31,",X,29,",0,",,X,30,+",0,",T,X,08,+",0.5,",,X,13,",72,",X,12,",726,X,552,",X",0.6,",,,X",0,",T,,X",46.6,",X",54.9,",,,X",38.3,",,,X",320,",X",340,",X",30,",X",41,",X"
USW00013743,"WASHINGTON REAGAN NATIONAL AIRPORT, VA US",38.8472,-77.03454,3,2012-12,7.8,",X",1936,X,0,",X",13,",X",6,",X",0,",X",0,",X",0,",X",5,",X",0,",X",2,",X",0,",X",29,",X,31,+",0,",,X,31,+",0.2,",,X,26,",1.42,",,X,26,",72,",X,04,",1335,X,609,",X",3.04,",,,X",0.2,",,,X",45.4,",X",52.3,",,,X",38.4,",,,X",310,",X",330,",X",36,",X",49,",X"
USW00013743,"WASHINGTON REAGAN NATIONAL AIRPORT, VA US",38.8472,-77.03454,3,2013-01,8.1,",X",0,W,0,",X",12,",X",5,",X",0,",X",0,",X",0,",X",14,",X",4,",X",1,",X",0,",X",15,",X,23,",0,",T,X,28,+",0.4,",,X,25,+",0.86,",,X,30,",72,",X,30,",2101,W,766,",X",2.54,",,,X",0.9,",,,X",40.3,",X",47.4,",,,X",33.1,",,,X",210,",X",200,",X",33.1,",X",43,",X"
USW00013743,"WASHINGTON REAGAN NATIONAL AIRPORT, VA US",38.8472,-77.03454,3,2013-02,9.4,",X",0,W,0,",X",13,",X",5,",X",0,",X",0,",X",0,",X",13,",X",0,",X",0,",X",0,",X",18,",X,02,",0,",T,X,03,+",0.2,",,X,02,+",0.62,",,X,26,",60,",X,15,",2848,W,746,",X",1.67,",,,X",0.4,",,,X",38.3,",X",45.1,",,,X",31.6,",,,X",340,",X",330,",X",34.9,",X",46,",X"
USW00013743,"WASHINGTON REAGAN NATIONAL AIRPORT, VA US",38.8472,-77.03454,3,2013-03,10.7,",X",0,W,0,",X",8,",X",4,",X",1,",X",1,",X",0,",X",7,",X",0,",X",0,",X",0,",X",28,",X,22,",1,",,X,25,",1.4,",,X,25,",1.03,",,X,06,",63,",X,10,",3504,W,657,",X",2.8,",,,X",1.6,",,,X",43.8,",X",51.5,",,,X",36.1,",,,X",350,",X",350,"1,X",38.9,",X",48,"1,X"
USW00013743,"WASHINGTON REAGAN NATIONAL AIRPORT, VA US",38.8472,-77.03454,3,2013-04,9.2,",W",39,W,39,",W",9,",W",5,",W",0,",W",0,",W",0,",W",1,",W",0,",W",13,",W",1,",W",31,",W,04,",0,",,W,30,+",0,",,W,30,+",1.37,",,W,19,",91,",W,10,",3727,W,222,",W",2.76,",,,W",0,",,,W",58.9,",W",68.9,",,,W",48.9,",,,W",240,",W",250,",W",42.9,",W",53,",W"
USW00013743,"WASHINGTON REAGAN NATIONAL AIRPORT, VA US",38.8472,-77.03454,3,2013-05,8.7,",W",179,W,140,",W",11,",W",4,",W",0,",W",0,",W",0,",W",0,",W",0,",W",19,",W",3,",W",42,",W,14,",0,",,W,31,+",0,",,W,31,+",1.34,",,W,28,",91,",W,31,",3815,W,88,",W",2.82,",,,W",0,",,,W",66.6,",W",75.8,",,,W",57.5,",,,W",100,",W",320,",W",29.1,",W",38,",W"
USW00013743,"WASHINGTON REAGAN NATIONAL AIRPORT, VA US",38.8472,-77.03454,3,2013-06,7.8,",W",523,W,344,",W",15,",W",10,",W",0,",W",0,",W",0,",W",0,",W",0,",W",30,",W",6,",W",59,",W,05,",0,",,W,30,+",0,",T,W,28,",2.86,",,W,28,",94,",W,25,",3815,W,0,",W",9.97,",,,W",0,",T,,W",76.5,",W",84.4,",,,W",68.6,",,,W",260,",W",260,",W",46.1,",W",53,",W"
USW00013743,"WASHINGTON REAGAN NATIONAL AIRPORT, VA US",38.8472,-77.03454,3,2013-07,8.1,",W",1027,W,503,",W",11,",W",8,",W",0,",W",0,",W",0,",W",0,",W",0,",W",31,",W",11,",W",65,",W,25,",0,",,W,31,+",0,",,W,31,+",1.39,",,W,12,",97,",W,17,",0,W,0,",W",4.43,",,,W",0,",,,W",81.2,",W",88.3,",,,W",74.2,",,,W",220,",W",220,",W",35.1,",W",39,",W"
USW00013743,"WASHINGTON REAGAN NATIONAL AIRPORT, VA US",38.8472,-77.03454,3,2013-08,7.4,",W",1401,W,374,",W",9,",W",4,",W",0,",W",0,",W",0,",W",0,",W",0,",W",31,",W",6,",W",60,",W,15,",0,",,W,31,+",0,",,W,31,+",0.44,",,W,13,",94,",W,27,",0,W,0,",W",1.35,",,,W",0,",,,W",77.1,",W",84.7,",,,W",69.4,",,,W",340,",W",320,",W",25.9,",W",35,",W"
USW00013743,"WASHINGTON REAGAN NATIONAL AIRPORT, VA US",38.8472,-77.03454,3,2013-09,7.2,",W",1601,W,199,",W",5,",W",3,",W",0,",W",0,",W",0,",W",0,",W",0,",W",29,",W",6,",W",51,",W,24,",0,",,W,30,+",0,",,W,30,+",0.87,",,W,21,",94,",W,11,",10,W,10,",W",1.22,",,,W",0,",,,W",71.3,",W",80.9,",,,W",61.7,",,,W",310,",W",310,",W",25.1,",W",31,",W"
USW00013743,"WASHINGTON REAGAN NATIONAL AIRPORT, VA US",38.8472,-77.03454,3,2013-10,7.4,",W",1682,W,81,",W",8,",W",5,",W",0,",W",0,",W",0,",W",0,",W",0,",W",11,",W",2,",W",35,",W,26,",0,",,W,31,+",0,",,W,31,+",2.76,",,W,11,",91,",W,06,",171,W,161,",W",6.25,",,,W",0,",,,W",62.4,",W",70.5,",,,W",54.3,",,,W",280,",W",270,",W",29.1,",W",41,",W"
USW00013743,"WASHINGTON REAGAN NATIONAL AIRPORT, VA US",38.8472,-77.03454,3,2013-11,8.7,",W",1683,W,2,",W",7,",W",5,",W",0,",W",0,",W",0,",W",8,",W",0,",W",3,",W",0,",W",24,",W,25,",0,",,W,30,+",0,",T,W,27,+",1.46,",,W,26,",73,",W,01,",724,W,552,",W",2.92,",,,W",0,",T,,W",46.7,",W",54.8,",,,W",38.5,",,,W",330,",W",340,",W",31.1,",W",43,",W"
USW00013743,"WASHINGTON REAGAN NATIONAL AIRPORT, VA US",38.8472,-77.03454,3,2013-12,7.6,",W",1683,W,0,",W",10,",W",9,",W",0,",W",0,",W",0,",W",15,",W",0,",W",2,",W",0,",W",22,",W,25,",0,",T,W,11,+",0.9,",,W,10,",1.31,",,W,29,",72,",W,22,+",1426,W,703,",W",5.53,",,,W",1.5,",,,W",42.3,",W",49.8,",,,W",34.8,",,,W",330,",W",330,",W",31.1,",W",39,",W"
USW00013743,"WASHINGTON REAGAN NATIONAL AIRPORT, VA US",38.8472,-77.03454,3,2014-01,8.9,",W",0,W,0,",W",8,",W",7,",W",9,",W",2,",W",0,",W",24,",W",7,",W",0,",W",0,",W",6,",W,07,",4,",,W,22,",3.8,",,W,21,",0.87,",,W,11,",61,",W,13,",2439,W,1013,",W",2.58,",,,W",6.6,",,,W",32.3,",W",40.9,",,,W",23.8,",,,W",320,",W",330,",W",35.1,",W",46,",W"
USW00013743,"WASHINGTON REAGAN NATIONAL AIRPORT, VA US",38.8472,-77.03454,3,2014-02,8.5,",W",0,W,0,",W",11,",W",5,",W",6,",W",4,",W",0,",W",18,",W",2,",W",0,",W",0,",W",14,",W,28,",6,",,W,13,",5.9,",,W,13,",1.61,",,W,13,",69,",W,21,",3198,W,759,",W",4.02,",,,W",11.2,",,,W",37.9,",W",45.9,",,,W",29.9,",,,W",340,",W",300,",W",33.1,",W",46,",W"
USW00013743,"WASHINGTON REAGAN NATIONAL AIRPORT, VA US",38.8472,-77.03454,3,2014-03,10.1,",W",0,W,0,",W",10,",W",8,",W",5,",W",4,",W",0,",W",16,",W",1,",W",3,",W",0,",W",14,",W,04,",7,",,W,17,",3.9,",,W,17,",1.05,",,W,30,",73,",W,22,",3883,W,685,",W",4.26,",,,W",12.7,",,,W",42.9,",W",52.2,",,,W",33.6,",,,W",290,",W",320,"1,W",38.9,",W",52,"1,W"
USW00013743,"WASHINGTON REAGAN NATIONAL AIRPORT, VA US",38.8472,-77.03454,3,2014-04,8.9,",W",20,W,20,",W",11,",W",6,",W",0,",W",0,",W",0,",W",0,",W",0,",W",11,",W",0,",W",34,",W,16,",0,",,W,30,+",0,",T,W,15,",2.7,",,W,30,",85,",W,13,",4134,W,250,",W",6.47,",,,W",0,",T,,W",57.3,",W",67.2,",,,W",47.5,",,,W",330,",W",340,",W",31.1,",W",43,",W"
USW00013743,"WASHINGTON REAGAN NATIONAL AIRPORT, VA US",38.8472,-77.03454,3,2014-05,7.4,",W",162,W,142,",W",11,",W",9,",W",0,",W",0,",W",0,",W",0,",W",0,",W",25,",W",2,",W",49,",W,19,",0,",,W,31,+",0,",,W,31,+",2.25,",,W,16,",92,",W,27,+",4169,W,35,",W",4.97,",,,W",0,",,,W",68.4,",W",78,",,,W",58.9,",,,W",280,",W",270,",W",36.9,",W",49,",W"
USW00013743,"WASHINGTON REAGAN NATIONAL AIRPORT, VA US",38.8472,-77.03454,3,2014-06,7.6,",W",530,W,367,",W",11,",W",7,",W",0,",W",0,",W",0,",W",0,",W",0,",W",30,",W",4,",W",58,",W,02,",0,",,W,30,+",0,",,W,30,+",0.8,",,W,11,",97,",W,17,",4169,W,0,",W",3.31,",,,W",0,",,,W",77.2,",W",85.6,",,,W",68.8,",,,W",210,",W",220,"1,W",25.9,",W",39,"1,W"
USW00013743,"WASHINGTON REAGAN NATIONAL AIRPORT, VA US",38.8472,-77.03454,3,2014-07,8.3,",W",976,W,447,",W",11,",W",7,",W",0,",W",0,",W",0,",W",0,",W",0,",W",31,",W",9,",W",60,",W,30,",0,",,W,31,+",0,",,W,31,+",1.71,",,W,15,",99,",W,02,",0,W,0,",W",4.68,",,,W",0,",,,W",79.4,",W",88,",,,W",70.8,",,,W",320,",W",320,",W",36,",W",49,",W"
USW00013743,"WASHINGTON REAGAN NATIONAL AIRPORT, VA US",38.8472,-77.03454,3,2014-08,6.3,",W",1369,W,393,",W",11,",W",7,",W",0,",W",0,",W",0,",W",0,",W",0,",W",31,",W",3,",W",62,",W,15,",0,",,W,31,+",0,",,W,31,+",1.6,",,W,12,",96,",W,31,",0,W,0,",W",3.39,",,,W",0,",,,W",77.7,",W",85.7,",,,W",69.7,",,,W",10,",W",160,",W",28,",W",32,",W"
USW00013743,"WASHINGTON REAGAN NATIONAL AIRPORT, VA US",38.8472,-77.03454,3,2014-09,7.4,",W",1635,W,265,",W",6,",W",3,",W",0,",W",0,",W",0,",W",0,",W",0,",W",29,",W",6,",W",54,",W,23,",0,",,W,30,+",0,",,W,30,+",0.64,",,W,25,",95,",W,06,+",0,W,0,",W",1.11,",,,W",0,",,,W",73.8,",W",81.8,",,,W",65.8,",,,W",320,",W",330,",W",25.9,",W",33,",W"
USW00013743,"WASHINGTON REAGAN NATIONAL AIRPORT, VA US",38.8472,-77.03454,3,2014-10,8.5,",W",1676,W,42,",W",13,",W",6,",W",0,",W",0,",W",0,",W",0,",W",0,",W",20,",W",0,",W",44,",W,05,",0,",,W,31,+",0,",,W,31,+",1.44,",,W,15,",82,",W,14,",107,W,107,",W",3.49,",,,W",0,",,,W",62.9,",W",71.1,",,,W",54.7,",,,W",320,",W",320,",W",28,",W",39,",W"
USW00013743,"WASHINGTON REAGAN NATIONAL AIRPORT, VA US",38.8472,-77.03454,3,2014-11,8.9,",W",1676,W,0,",W",8,",W",5,",W",0,",W",0,",W",0,",W",5,",W",0,",W",2,",W",0,",W",22,",W,19,",0,",,W,30,+",0,",T,W,26,+",1.06,",,W,26,",74,",W,24,",619,W,511,",W",2.65,",,,W",0,",T,,W",48,",W",56,",,,W",39.9,",,,W",340,",W",330,",W",33.1,",W",43,",W"
USW00013743,"WASHINGTON REAGAN NATIONAL AIRPORT, VA US",38.8472,-77.03454,3,2014-12,8.1,",W",1676,W,0,",W",13,",W",8,",W",0,",W",0,",W",0,",W",4,",W",0,",W",1,",W",0,",W",29,",W,31,",0,",,W,31,+",0,",T,W,11,+",0.88,",,W,24,",70,",W,01,",1278,W,659,",W",3.51,",,,W",0,",T,,W",43.7,",W",49.8,",,,W",37.7,",,,W",320,",W",330,",W",28,",W",43,",W"
USW00013743,"WASHINGTON REAGAN NATIONAL AIRPORT, VA US",38.8472,-77.03454,3,2015-01,8.5,",W",0,W,0,",W",11,",W",8,",W",5,",W",1,",W",0,",W",21,",W",4,",W",0,",W",0,",W",12,",W,08,",2,",,W,08,+",2.4,",,W,06,",0.75,",,W,12,",67,",W,04,",2187,W,909,",W",3.73,",,,W",3.6,",,,W",35.7,",W",42.7,",,,W",28.7,",,,W",320,",W",320,",W",31.1,",W",41,",W"
USW00013743,"WASHINGTON REAGAN NATIONAL AIRPORT, VA US",38.8472,-77.03454,3,2015-02,9.6,",W",0,W,0,",W",9,",W",5,",W",8,",W",4,",W",0,",W",24,",W",7,",W",0,",W",0,",W",5,",W,20,",5,",,W,17,",2.9,",,W,16,",0.7,",,W,21,",68,",W,08,",3157,W,969,",W",1.68,",,,W",9.9,",,,W",30.4,",W",39.1,",,,W",21.6,",,,W",320,",W",330,",W",38.9,",W",56,",W"
USW00013743,"WASHINGTON REAGAN NATIONAL AIRPORT, VA US",38.8472,-77.03454,3,2015-03,8.5,",W",0,W,0,",W",12,",W",8,",W",3,",W",1,",W",0,",W",8,",W",1,",W",3,",W",0,",W",15,",W,06,",5,",,W,06,",4.8,",,W,05,",0.87,",,W,05,",77,",W,26,",3767,W,610,",W",4.04,",,,W",4.9,",,,W",45.3,",W",54.5,",,,W",36.1,",,,W",350,",W",320,",W",33.1,",W",45,",W"
USW00013743,"WASHINGTON REAGAN NATIONAL AIRPORT, VA US",38.8472,-77.03454,3,2015-04,9.4,",W",19,W,19,",W",14,",W",9,",W",0,",W",0,",W",0,",W",0,",W",0,",W",15,",W",0,",W",39,",W,24,",0,",,W,30,+",0,",T,W,30,",0.77,",,W,20,",84,",W,18,",3955,W,187,",W",3.42,",,,W",0,",T,,W",59.4,",W",69.4,",,,W",49.4,",,,W",180,",W",300,",W",35.1,",W",45,",W"
USW00013743,"WASHINGTON REAGAN NATIONAL AIRPORT, VA US",38.8472,-77.03454,3,2015-05,8.1,",W",291,W,272,",W",6,",W",4,",W",0,",W",0,",W",0,",W",0,",W",0,",W",29,",W",7,",W",51,",W,02,",0,",,W,31,+",0,",,W,31,+",0.76,",,W,18,",92,",W,31,+",3972,W,17,",W",1.93,",,,W",0,",,,W",73.2,",W",82.7,",,,W",63.8,",,,W",330,",W",300,",W",29.1,",W",37,",W"
USW00013743,"WASHINGTON REAGAN NATIONAL AIRPORT, VA US",38.8472,-77.03454,3,2015-06,8.3,",W",690,W,400,",W",18,",W",12,",W",0,",W",0,",W",0,",W",0,",W",0,",W",28,",W",12,",W",59,",W,04,+",0,",,W,30,+",0,",T,W,01,",2.75,",,W,27,",96,",W,23,+",3978,W,6,",W",11.94,",,,W",0,",T,,W",78.1,",W",86.1,",,,W",70.1,",,,W",330,",W",320,",W",42.9,",W",55,",W"
USW00013743,"WASHINGTON REAGAN NATIONAL AIRPORT, VA US",38.8472,-77.03454,3,2015-07,6.9,",W",1201,W,510,",W",13,",W",5,",W",0,",W",0,",W",0,",W",0,",W",0,",W",31,",W",14,",W",66,",W,16,+",0,",,W,31,+",0,",,W,31,+",1.3,",,W,01,",98,",W,19,",0,W,0,",W",5.02,",,,W",0,",,,W",81.5,",W",89.1,",,,W",73.8,",,,W",270,",W",270,",W",40,",W",51,",W"
USW00013743,"WASHINGTON REAGAN NATIONAL AIRPORT, VA US",38.8472,-77.03454,3,2015-08,7.6,",W",1643,W,442,",W",6,",W",4,",W",0,",W",0,",W",0,",W",0,",W",0,",W",31,",W",12,",W",63,",W,27,",0,",,W,31,+",0,",,W,31,+",0.41,",,W,24,",96,",W,17,+",0,W,0,",W",1.16,",,,W",0,",,,W",79.3,",W",88,",,,W",70.5,",,,W",260,",W",270,",W",29.1,",W",38,",W"
USW00013743,"WASHINGTON REAGAN NATIONAL AIRPORT, VA US",38.8472,-77.03454,3,2015-09,7.8,",W",1939,W,296,",W",4,",W",4,",W",0,",W",0,",W",0,",W",0,",W",0,",W",30,",W",7,",W",55,",W,14,",0,",,W,30,+",0,",,W,30,+",1.65,",,W,29,",96,",W,03,",0,W,0,",W",2.15,",,,W",0,",,,W",74.9,",W",83.5,",,,W",66.2,",,,W",360,",W",320,",W",23.9,",W",31,",W"
USW00013743,"WASHINGTON REAGAN NATIONAL AIRPORT, VA US",38.8472,-77.03454,3,2015-10,8.5,",W",1954,W,15,",W",7,",W",5,",W",0,",W",0,",W",0,",W",0,",W",0,",W",14,",W",0,",W",37,",W,19,",0,",,W,31,+",0,",,W,31,+",0.96,",,W,02,",79,",W,09,",205,W,205,",W",3.04,",,,W",0,",,,W",58.9,",W",67.4,",,,W",50.3,",,,W",330,",W",330,",W",25.1,",W",35,",W"
USW00013743,"WASHINGTON REAGAN NATIONAL AIRPORT, VA US",38.8472,-77.03454,3,2015-11,7.4,",W",1959,W,5,",W",10,",W",7,",W",0,",W",0,",W",0,",W",1,",W",0,",W",6,",W",0,",W",32,",W,23,",0,",,W,30,+",0,",,W,30,+",0.63,",,W,19,",80,",W,06,",550,W,345,",W",2.1,",,,W",0,",,,W",53.7,",W",62,",,,W",45.3,",,,W",280,",W",280,",W",28,",W",39,",W"
USW00013743,"WASHINGTON REAGAN NATIONAL AIRPORT, VA US",38.8472,-77.03454,3,2015-12,7.2,",W",1960,W,0,",W",13,",W",11,",W",0,",W",0,",W",0,",W",2,",W",0,",W",3,",W",0,",W",30,",W,19,",0,",,W,31,+",0,",,W,31,+",1.67,",,W,23,",71,",W,24,+",978,W,428,",W",4.84,",,,W",0,",,,W",51.2,",W",58.8,",,,W",43.6,",,,W",330,",W",270,",W",31.1,",W",46,",W"
USW00013743,"WASHINGTON REAGAN NATIONAL AIRPORT, VA US",38.8472,-77.03454,3,2016-01,9.4,",W",0,W,0,",W",8,",W",5,",W",9,",W",2,",W",0,",W",23,",W",5,",W",0,",W",0,",W",15,",W,19,",18,",,W,24,",11.3,",,W,23,",0.97,",,W,23,",62,",W,10,",1908,W,930,",W",2.68,",,,W",18.8,",,,W",35,",W",42.6,",,,W",27.4,",,,W",330,",W",280,",W",36,",W",44,",W"
USW00013743,"WASHINGTON REAGAN NATIONAL AIRPORT, VA US",38.8472,-77.03454,3,2016-02,10.1,",W",0,W,0,",W",12,",W",7,",W",2,",W",1,",W",0,",W",15,",W",5,",W",0,",W",0,",W",13,",W,14,",2,",,W,16,+",2.8,",,W,15,",1.1,",,W,24,",65,",W,29,+",2635,W,727,",W",3.79,",,,W",3.1,",,,W",39.9,",W",47.6,",,,W",32.3,",,,W",320,",W",210,",W",32,",W",42,",W"
USW00013743,"WASHINGTON REAGAN NATIONAL AIRPORT, VA US",38.8472,-77.03454,3,2016-03,9.8,",W",3,W,3,",W",11,",W",5,",W",0,",W",0,",W",0,",W",3,",W",0,",W",10,",W",0,",W",29,",W,03,",0,",T,W,04,",0.3,",,W,04,",0.32,",,W,28,",79,",W,10,+",2993,W,358,",W",1.16,",,,W",0.3,",,,W",53.5,",W",63.1,",,,W",44,",,,W",340,",W",280,",W",36,",W",49,",W"
USW00013743,"WASHINGTON REAGAN NATIONAL AIRPORT, VA US",38.8472,-77.03454,3,2016-04,10.1,",W",35,W,32,",W",12,",W",5,",W",0,",W",0,",W",0,",W",3,",W",0,",W",14,",W",0,",W",30,",W,05,",0,",,W,30,+",0,",T,W,09,+",0.7,",,W,07,",86,",W,26,",3269,W,276,",W",2.06,",,,W",0,",T,,W",56.9,",W",67,",,,W",46.7,",,,W",310,",W",310,",W",42.9,",W",59,",W"
USW00013743,"WASHINGTON REAGAN NATIONAL AIRPORT, VA US",38.8472,-77.03454,3,2016-05,7.4,",W",124,W,89,",W",19,",W",12,",W",0,",W",0,",W",0,",W",0,",W",0,",W",16,",W",0,",W",45,",W,16,",0,",,W,31,+",0,",T,W,02,",1.24,",,W,02,",88,",W,27,+",3392,W,123,",W",5.65,",,,W",0,",T,,W",63.9,",W",71.3,",,,W",56.5,",,,W",250,",W",340,",W",31.1,",W",50,",W"
USW00013743,"WASHINGTON REAGAN NATIONAL AIRPORT, VA US",38.8472,-77.03454,3,2016-06,8.5,",W",460,W,337,",W",7,",W",7,",W",0,",W",0,",W",0,",W",0,",W",0,",W",30,",W",5,",W",53,",W,09,",0,",,W,30,+",0,",,W,30,+",0.99,",,W,21,",96,",W,11,",3392,W,0,",W",3.68,",,,W",0,",,,W",76.2,",W",85.2,",,,W",67.2,",,,W",300,",W",310,",W",31.1,",W",40,",W"
USW00013743,"WASHINGTON REAGAN NATIONAL AIRPORT, VA US",38.8472,-77.03454,3,2016-07,7.4,",W",1010,W,549,",W",12,",W",10,",W",0,",W",0,",W",0,",W",0,",W",0,",W",31,",W",23,",W",64,",W,03,",0,",,W,31,+",0,",,W,31,+",0.46,",,W,19,",100,",W,25,",0,W,0,",W",3.14,",,,W",0,",,,W",82.7,",W",91.2,",,,W",74.3,",,,W",310,",W",320,",W",36,",W",45,",W"
USW00013743,"WASHINGTON REAGAN NATIONAL AIRPORT, VA US",38.8472,-77.03454,3,2016-08,7.8,",W",1560,W,550,",W",4,",W",3,",W",0,",W",0,",W",0,",W",0,",W",0,",W",31,",W",23,",W",67,",W,24,+",0,",,W,31,+",0,",,W,31,+",1.16,",,W,15,",101,",W,13,",0,W,0,",W",2.79,",,,W",0,",,,W",82.7,",W",91.7,",,,W",73.7,",,,W",300,",W",300,",W",32,",W",41,",W"
USW00013743,"WASHINGTON REAGAN NATIONAL AIRPORT, VA US",38.8472,-77.03454,3,2016-09,8.9,",W",1890,W,331,",W",8,",W",6,",W",0,",W",0,",W",0,",W",0,",W",0,",W",29,",W",7,",W",59,",W,25,",0,",,W,30,+",0,",,W,30,+",1.02,",,W,29,",98,",W,08,",1,W,1,",W",2.5,",,,W",0,",,,W",76,",W",83.4,",,,W",68.6,",,,W",40,",W",40,",W",30,",W",39,",W"
USW00013743,"WASHINGTON REAGAN NATIONAL AIRPORT, VA US",38.8472,-77.03454,3,2016-10,8.7,",W",1951,W,60,",W",7,",W",3,",W",0,",W",0,",W",0,",W",0,",W",0,",W",17,",W",0,",W",41,",W,26,",0,",,W,31,+",0,",,W,31,+",0.26,",,W,21,",87,",W,19,",121,W,120,",W",0.9,",,,W",0,",,,W",63.1,",W",71.5,",,,W",54.7,",,,W",330,",W",330,",W",35.1,",W",44,",W"
USW00013743,"WASHINGTON REAGAN NATIONAL AIRPORT, VA US",38.8472,-77.03454,3,2016-11,7.6,",W",1956,W,5,",W",5,",W",3,",W",0,",W",0,",W",0,",W",1,",W",0,",W",5,",W",0,",W",32,",W,23,",0,",,W,30,+",0,",,W,30,+",0.38,",,W,30,",83,",W,03,",500,W,379,",W",0.76,",,,W",0,",,,W",52.6,",W",62,",,,W",43.1,",,,W",280,",W",310,",W",36,",W",49,",W"
USW00013743,"WASHINGTON REAGAN NATIONAL AIRPORT, VA US",38.8472,-77.03454,3,2016-12,9.2,",W",1956,W,0,",W",9,",W",7,",W",0,",W",0,",W",0,",W",12,",W",1,",W",0,",W",0,",W",17,",W,16,",0,",,W,31,+",0,",T,W,30,+",1.03,",,W,06,",68,",W,27,",1218,W,718,",W",2.62,",,,W",0,",T,,W",41.8,",W",49.2,",,,W",34.4,",,,W",330,",W",330,",W",45,",W",54,",W"
USW00013743,"WASHINGTON REAGAN NATIONAL AIRPORT, VA US",38.8472,-77.03454,3,2017-01,9.6,",W",0,W,0,",W",13,",W",6,",W",1,",W",1,",W",0,",W",8,",W",3,",W",1,",W",0,",W",15,",W,08,",1,",,W,30,",1,",,W,30,",0.86,",,W,03,",72,",W,12,",1926,W,708,",W",2.76,",,,W",1.4,",,,W",42.2,",W",48.6,",,,W",35.8,",,,W",60,",W",50,",W",36.9,",W",47,",W"
USW00013743,"WASHINGTON REAGAN NATIONAL AIRPORT, VA US",38.8472,-77.03454,3,2017-02,9.6,",W",0,W,0,",W",5,",W",3,",W",0,",W",0,",W",0,",W",8,",W",0,",W",6,",W",0,",W",23,",W,10,",0,",,W,28,+",0,",T,W,16,+",0.34,",,W,28,",77,",W,24,",2410,W,484,",W",0.68,",,,W",0,",T,,W",47.7,",W",57.6,",,,W",37.8,",,,W",320,",W",320,",W",52.1,",W",66,",W"
USW00013743,"WASHINGTON REAGAN NATIONAL AIRPORT, VA US",38.8472,-77.03454,3,2017-03,11.4,",W",5,W,4,",W",14,",W",6,",W",3,",W",1,",W",0,",W",12,",W",0,",W",6,",W",0,",W",22,",W,15,",2,",,W,14,",1.1,",,W,13,",0.96,",,W,31,",80,",W,01,",2965,W,555,",W",3.2,",,,W",2,",,,W",47.2,",W",56.5,",,,W",38,",,,W",270,",W",280,",W",38.9,",W",54,",W"
USW00013743,"WASHINGTON REAGAN NATIONAL AIRPORT, VA US",38.8472,-77.03454,3,2017-04,9.2,",W",95,W,90,",W",10,",W",6,",W",0,",W",0,",W",0,",W",0,",W",0,",W",19,",W",1,",W",39,",W,08,",0,",,W,30,+",0,",,W,30,+",1.57,",,W,06,",91,",W,29,",3091,W,126,",W",2.62,",,,W",0,",,,W",63.8,",W",72.9,",,,W",54.7,",,,W",260,",W",260,",W",35.1,",W",50,",W"
USW00013743,"WASHINGTON REAGAN NATIONAL AIRPORT, VA US",38.8472,-77.03454,3,2017-05,9.2,",W",188,W,93,",W",15,",W",9,",W",0,",W",0,",W",0,",W",0,",W",0,",W",19,",W",2,",W",46,",W,09,+",0,",,W,31,+",0,",,W,31,+",1.75,",,W,05,",93,",W,19,",3170,W,79,",W",5.56,",,,W",0,",,,W",65.5,",W",73.8,",,,W",57.1,",,,W",220,",W",330,",W",31.1,",W",40,",W"
USW00013743,"WASHINGTON REAGAN NATIONAL AIRPORT, VA US",38.8472,-77.03454,3,2017-06,9.4,",W",559,W,370,",W",5,",W",3,",W",0,",W",0,",W",0,",W",0,",W",0,",W",29,",W",8,",W",56,",W,08,",0,",,W,30,+",0,",,W,30,+",0.53,",,W,19,",95,",W,13,+",3170,W,1,",W",1.13,",,,W",0,",,,W",77.3,",W",86.4,",,,W",68.2,",,,W",260,",W",250,",W",40,",W",52,",W"
USW00013743,"WASHINGTON REAGAN NATIONAL AIRPORT, VA US",38.8472,-77.03454,3,2017-07,7.8,",W",1076,W,517,",W",10,",W",8,",W",0,",W",0,",W",0,",W",0,",W",0,",W",31,",W",20,",W",63,",W,30,",0,",,W,31,+",0,",,W,31,+",3.31,",,W,28,",98,",W,20,",0,W,0,",W",9.15,",,,W",0,",,,W",81.7,",W",90,",,,W",73.4,",,,W",340,",W",340,",W",38,",W",48,",W"
USW00013743,"WASHINGTON REAGAN NATIONAL AIRPORT, VA US",38.8472,-77.03454,3,2017-08,7.2,",W",1461,W,385,",W",11,",W",6,",W",0,",W",0,",W",0,",W",0,",W",0,",W",30,",W",9,",W",62,",W,30,",0,",,W,31,+",0,",,W,31,+",1.47,",,W,07,",92,",W,22,",0,W,0,",W",4.58,",,,W",0,",,,W",77.4,",W",84.6,",,,W",70.2,",,,W",360,",W",330,",W",32,",W",37,",W"
USW00013743,"WASHINGTON REAGAN NATIONAL AIRPORT, VA US",38.8472,-77.03454,3,2017-09,7.6,",W",1694,W,232,",W",4,",W",2,",W",0,",W",0,",W",0,",W",0,",W",0,",W",29,",W",3,",W",53,",W,10,",0,",,W,30,+",0,",,W,30,+",0.77,",,W,02,",92,",W,24,",7,W,7,",W",1.43,",,,W",0,",,,W",72.5,",W",80.8,",,,W",64.2,",,,W",10,",W",340,",W",23.9,",W",31,",W"
USW00013743,"WASHINGTON REAGAN NATIONAL AIRPORT, VA US",38.8472,-77.03454,3,2017-10,8.1,",W",1781,W,88,",W",9,",W",4,",W",0,",W",0,",W",0,",W",0,",W",0,",W",23,",W",0,",W",43,",W,27,",0,",,W,31,+",0,",,W,31,+",0.97,",,W,29,",86,",W,10,+",98,W,91,",W",2.02,",,,W",0,",,,W",64.9,",W",73.7,",,,W",56.1,",,,W",320,",W",320,",W",35.1,",W",47,",W"
USW00013743,"WASHINGTON REAGAN NATIONAL AIRPORT, VA US",38.8472,-77.03454,3,2017-11,8.3,",W",1784,W,3,",W",9,",W",3,",W",0,",W",0,",W",0,",W",5,",W",0,",W",4,",W",0,",W",26,",W,11,",0,",,W,30,+",0,",,W,30,+",1.07,",,W,07,",78,",W,03,",556,W,459,",W",2.01,",,,W",0,",,,W",49.8,",W",58.5,",,,W",41.1,",,,W",300,",W",290,",W",33.1,",W",49,",W"
USW00013743,"WASHINGTON REAGAN NATIONAL AIRPORT, VA US",38.8472,-77.03454,3,2017-12,8.3,",W",1784,W,0,",W",6,",W",2,",W",1,",W",1,",W",0,",W",16,",W",4,",W",0,",W",0,",W",16,",W,31,+",2,",,W,10,",1.5,",,W,09,",0.18,",,W,23,+",65,",W,23,",1356,W,799,",W",0.51,",,,W",1.9,",,,W",39.2,",W",46.3,",,,W",32.1,",,,W",310,",W",300,",W",31.1,",W",44,",W"
USW00013743,"WASHINGTON REAGAN NATIONAL AIRPORT, VA US",38.8472,-77.03454,3,2018-01,9.8,",W",0,W,0,",W",7,",W",5,",W",2,",W",0,",W",0,",W",23,",W",8,",W",0,",W",0,",W",8,",W,07,",1,",,W,05,+",0.8,",,W,04,",0.37,",,W,12,",68,",W,23,",2262,W,906,",W",0.94,",,,W",1.2,",,,W",35.8,",W",44.7,",,,W",26.8,",,,W",300,",W",310,",W",36,",W",49,",W"
USW00013743,"WASHINGTON REAGAN NATIONAL AIRPORT, VA US",38.8472,-77.03454,3,2018-02,8.7,",W",4,W,4,",W",15,",W",7,",W",0,",W",0,",W",0,",W",6,",W",0,",W",3,",W",0,",W",17,",W,03,",0,",T,W,18,",0.2,",,W,17,",1.12,",,W,04,",82,",W,21,",2817,W,554,",W",4.79,",,,W",0.2,",,,W",45.3,",W",53.6,",,,W",37.1,",,,W",290,",W",290,",W",30,",W",39,",W"
USW00013743,"WASHINGTON REAGAN NATIONAL AIRPORT, VA US",38.8472,-77.03454,3,2018-03,11.6,",W",4,W,0,",W",9,",W",4,",W",1,",W",1,",W",0,",W",8,",W",0,",W",2,",W",0,",W",31,",W,15,+",2,",,W,22,",4.1,",,W,21,",0.87,",,W,20,",78,",W,29,",3480,W,663,",W",1.92,",,,W",4.5,",,,W",43.6,",W",51.9,",,,W",35.3,",,,W",320,",W",300,"1,W",47,",W",62,"1,W"
USW00013743,"WASHINGTON REAGAN NATIONAL AIRPORT, VA US",38.8472,-77.03454,3,2018-04,10.7,",W",21,W,17,",W",9,",W",5,",W",0,",W",0,",W",0,",W",0,",W",0,",W",8,",W",0,",W",34,",W,08,+",0,",,W,30,+",0,",T,W,07,",1.88,",,W,16,",86,",W,13,",3799,W,319,",W",3.59,",,,W",0,",T,,W",54.9,",W",64.7,",,,W",45.2,",,,W",320,",W",320,",W",35.1,",W",46,",W"
USW00013743,"WASHINGTON REAGAN NATIONAL AIRPORT, VA US",38.8472,-77.03454,3,2018-05,8.1,",W",253,W,232,",W",12,",W",10,",W",0,",W",0,",W",0,",W",0,",W",0,",W",29,",W",4,",W",49,",W,01,",0,",,W,31,+",0,",,W,31,+",1.49,",,W,14,",91,",W,02,",3802,W,2,",W",8.73,",,,W",0,",,,W",72.4,",W",81.4,",,,W",63.4,",,,W",250,",W",260,",W",33.1,",W",42,",W"
USW00013743,"WASHINGTON REAGAN NATIONAL AIRPORT, VA US",38.8472,-77.03454,3,2018-06,7.6,",W",589,W,336,",W",11,",W",8,",W",0,",W",0,",W",0,",W",0,",W",0,",W",29,",W",6,",W",56,",W,04,",0,",,W,30,+",0,",,W,30,+",1.65,",,W,03,",95,",W,19,",3803,W,1,",W",5.21,",,,W",0,",,,W",76.2,",W",84.5,",,,W",67.8,",,,W",60,",W",70,",W",25.9,",W",32,",W"
USW00013743,"WASHINGTON REAGAN NATIONAL AIRPORT, VA US",38.8472,-77.03454,3,2018-07,7.6,",W",1075,W,486,",W",8,",W",6,",W",0,",W",0,",W",0,",W",0,",W",0,",W",31,",W",12,",W",64,",W,09,+",0,",,W,31,+",0,",,W,31,+",4,",,W,21,",98,",W,16,",0,W,0,",W",9.73,",,,W",0,",,,W",80.7,",W",88.5,",,,W",72.8,",,,W",310,",W",300,",W",36,",W",42,",W"
USW00013743,"WASHINGTON REAGAN NATIONAL AIRPORT, VA US",38.8472,-77.03454,3,2018-08,7.2,",W",1571,W,496,",W",12,",W",9,",W",0,",W",0,",W",0,",W",0,",W",0,",W",31,",W",17,",W",63,",W,24,",0,",,W,31,+",0,",,W,31,+",2.46,",,W,21,",94,",W,29,+",0,W,0,",W",5.19,",,,W",0,",,,W",81,",W",88.8,",,,W",73.2,",,,W",270,",W",260,",W",38.9,",W",51,",W"
USW00013743,"WASHINGTON REAGAN NATIONAL AIRPORT, VA US",38.8472,-77.03454,3,2018-09,8.1,",W",1887,W,316,",W",16,",W",13,",W",0,",W",0,",W",0,",W",0,",W",0,",W",27,",W",5,",W",59,",W,27,",0,",,W,30,+",0,",,W,30,+",2.89,",,W,07,",95,",W,04,",2,W,2,",W",9.73,",,,W",0,",,,W",75.5,",W",81.8,",,,W",69.1,",,,W",50,",W",190,",W",25.1,",W",34,",W"
USW00013743,"WASHINGTON REAGAN NATIONAL AIRPORT, VA US",38.8472,-77.03454,3,2018-10,8.3,",W",2007,W,120,",W",9,",W",4,",W",0,",W",0,",W",0,",W",0,",W",0,",W",15,",W",1,",W",38,",W,22,",0,",,W,31,+",0,",,W,31,+",1.51,",,W,11,",90,",W,04,",198,W,196,",W",3.06,",,,W",0,",,,W",62.6,",W",70,",,,W",55.1,",,,W",310,",W",320,",W",36,",W",46,",W"
USW00013743,"WASHINGTON REAGAN NATIONAL AIRPORT, VA US",38.8472,-77.03454,3,2018-11,8.7,",W",2009,W,1,",W",12,",W",9,",W",0,",W",1,",W",0,",W",6,",W",0,",W",2,",W",0,",W",28,",W,23,",0,",T,W,15,",1.4,",,W,15,",1.44,",,W,05,",76,",W,01,",753,W,555,",W",7.57,",,,W",1.4,",,,W",46.5,",W",53,",,,W",40.1,",,,W",310,",W",300,",W",33.1,",W",42,",W"
USW00013743,"WASHINGTON REAGAN NATIONAL AIRPORT, VA US",38.8472,-77.03454,3,2018-12,7.6,",W",2009,W,0,",W",11,",W",9,",W",0,",W",0,",W",0,",W",8,",W",0,",W",0,",W",0,",W",26,",W,11,",0,",,W,31,+",0,",,W,31,+",2.55,",,W,15,",67,",W,21,",1420,W,667,",W",5.82,",,,W",0,",,,W",43.5,",W",50.1,",,,W",36.9,",,,W",290,",W",300,",W",28,",W",38,",W"
USW00013743,"WASHINGTON REAGAN NATIONAL AIRPORT, VA US",38.8472,-77.03454,3,2019-01,9.6,",W",0,W,0,",W",11,",W",7,",W",7,",W",2,",W",0,",W",18,",W",3,",W",0,",W",0,",W",10,",W,31,",10,",,W,14,",8.3,",,W,13,",1.03,",,W,24,",64,",W,01,",2280,W,860,",W",3.3,",,,W",11.5,",,,W",37.2,",W",44.3,",,,W",30.2,",,,W",320,",W",310,",W",36,",W",46,",W"
USW00013743,"WASHINGTON REAGAN NATIONAL AIRPORT, VA US",38.8472,-77.03454,3,2019-02,8.3,",W",0,W,0,",W",11,",W",8,",W",2,",W",1,",W",0,",W",10,",W",1,",W",1,",W",0,",W",18,",W,02,",2,",,W,21,",2.6,",,W,20,",0.94,",,W,24,",74,",W,05,",2918,W,637,",W",3.52,",,,W",3.7,",,,W",42.2,",W",50,",,,W",34.5,",,,W",310,",W",320,",W",36,",W",52,",W"
USW00013743,"WASHINGTON REAGAN NATIONAL AIRPORT, VA US",38.8472,-77.03454,3,2019-03,10.1,",W",3,W,3,",W",10,",W",5,",W",0,",W",0,",W",0,",W",5,",W",0,",W",4,",W",0,",W",22,",W,06,",0,",T,W,01,",0.3,",,W,01,",1.96,",,W,21,",79,",W,30,",3485,W,567,",W",4,",,,W",0.3,",,,W",46.8,",W",55.4,",,,W",38.2,",,,W",350,",W",350,",W",45,",W",59,",W"
USW00013743,"WASHINGTON REAGAN NATIONAL AIRPORT, VA US",38.8472,-77.03454,3,2019-04,9.2,",W",56,W,53,",W",10,",W",4,",W",0,",W",0,",W",0,",W",0,",W",0,",W",23,",W",0,",W",34,",W,01,",0,",,W,30,+",0,",,W,30,+",0.72,",,W,15,",84,",W,08,",3618,W,133,",W",2.25,",,,W",0,",,,W",62.3,",W",72.2,",,,W",52.5,",,,W",200,",W",200,",W",38.9,",W",55,",W"
USW00013743,"WASHINGTON REAGAN NATIONAL AIRPORT, VA US",38.8472,-77.03454,3,2019-05,8.5,",W",272,W,215,",W",13,",W",12,",W",0,",W",0,",W",0,",W",0,",W",0,",W",27,",W",5,",W",50,",W,15,+",0,",,W,31,+",0,",,W,31,+",0.65,",,W,05,",93,",W,29,",3648,W,30,",W",4.97,",,,W",0,",,,W",71,",W",79.4,",,,W",62.5,",,,W",290,",W",270,",W",44.1,",W",68,",W"
USW00013743,"WASHINGTON REAGAN NATIONAL AIRPORT, VA US",38.8472,-77.03454,3,2019-06,9.2,",W",612,W,340,",W",13,",W",7,",W",0,",W",0,",W",0,",W",0,",W",0,",W",30,",W",9,",W",54,",W,04,",0,",,W,30,+",0,",,W,30,+",1.16,",,W,18,",96,",W,29,",3648,W,0,",W",4.27,",,,W",0,",,,W",76.3,",W",85.2,",,,W",67.5,",,,W",250,",W",330,",W",31.1,",W",46,",W"
USW00013743,"WASHINGTON REAGAN NATIONAL AIRPORT, VA US",38.8472,-77.03454,3,2019-07,7.2,",W",1142,W,529,",W",12,",W",7,",W",0,",W",0,",W",0,",W",0,",W",0,",W",31,",W",22,",W",65,",W,25,",0,",,W,31,+",0,",,W,31,+",3.44,",,W,08,",99,",W,21,",0,W,0,",W",6.5,",,,W",0,",,,W",82.1,",W",90.9,",,,W",73.3,",,,W",330,",W",230,",W",38.9,",W",51,",W"
USW00013743,"WASHINGTON REAGAN NATIONAL AIRPORT, VA US",38.8472,-77.03454,3,2019-08,7.4,",W",1609,W,467,",W",7,",W",5,",W",0,",W",0,",W",0,",W",0,",W",0,",W",31,",W",16,",W",64,",W,26,+",0,",,W,31,+",0,",,W,31,+",0.9,",,W,07,",98,",W,19,",0,W,0,",W",1.99,",,,W",0,",,,W",80.1,",W",88.8,",,,W",71.4,",,,W",30,",W",330,",W",31.1,",W",43,",W"
USW00013743,"WASHINGTON REAGAN NATIONAL AIRPORT, VA US",38.8472,-77.03454,3,2019-09,7.8,",W",1954,W,346,",W",5,",W",1,",W",0,",W",0,",W",0,",W",0,",W",0,",W",30,",W",9,",W",55,",W,20,",0,",,W,30,+",0,",,W,30,+",0.14,",,W,30,",98,",W,12,",0,W,0,",W",0.26,",,,W",0,",,,W",76.5,",W",85.7,",,,W",67.3,",,,W",10,",W",320,",W",25.9,",W",32,",W"
USW00013743,"WASHINGTON REAGAN NATIONAL AIRPORT, VA US",38.8472,-77.03454,3,2019-10,8.5,",W",2023,W,68,",W",8,",W",7,",W",0,",W",0,",W",0,",W",0,",W",0,",W",16,",W",1,",W",44,",W,19,",0,",,W,31,+",0,",,W,31,+",1.6,",,W,20,",98,",W,02,",95,W,95,",W",6.66,",,,W",0,",,,W",64.1,",W",72.4,",,,W",55.9,",,,W",310,",W",320,",W",31.1,",W",44,",W"
USW00013743,"WASHINGTON REAGAN NATIONAL AIRPORT, VA US",38.8472,-77.03454,3,2019-11,8.7,",W",2023,W,0,",W",8,",W",4,",W",0,",W",0,",W",0,",W",4,",W",0,",W",0,",W",0,",W",26,",W,13,",0,",,W,30,+",0,",,W,30,+",0.42,",,W,23,",69,",W,11,",663,W,567,",W",1.37,",,,W",0,",,,W",46.1,",W",53.9,",,,W",38.3,",,,W",300,",W",290,",W",32,",W",46,",W"
USW00013743,"WASHINGTON REAGAN NATIONAL AIRPORT, VA US",38.8472,-77.03454,3,2019-12,7.6,",W",2023,W,0,",W",12,",W",9,",W",0,",W",0,",W",0,",W",10,",W",0,",W",0,",W",0,",W",22,",W,19,",0,",T,W,16,",0.3,",,W,11,",0.75,",,W,09,",67,",W,28,",1370,W,708,",W",3.28,",,,W",0.4,",,,W",42.2,",W",49.4,",,,W",35,",,,W",340,",W",350,",W",32,",W",41,",W"
